[{"pos_x": 122.2314, "pos_y": -62.8232, "rotation": 0.0, "side": "top", "designator": "Q4", "mpn": null, "pack": "TO-92_Inline", "value": "2N7000", "mount_type": "tht", "place": true}, {"pos_x": 122.5295, "pos_y": -98.6174, "rotation": 0.0, "side": "top", "designator": "R12", "mpn": null, "pack": "R_Axial_DIN0207_L6.3mm_D2.5mm_P2.54mm_Vertical", "value": "10k", "mount_type": "tht", "place": true}, {"pos_x": 99.2673, "pos_y": -118.4199, "rotation": -90.0, "side": "top", "designator": "P1", "mpn": null, "pack": "TerminalBlock_Phoenix_MKDS-1,5-2-5.08_1x02_P5.08mm_Horizontal", "value": "Screw_Terminal_01x02", "mount_type": "tht", "place": true}, {"pos_x": 174.0068, "pos_y": -103.7434, "rotation": 180.0, "side": "top", "designator": "J4", "mpn": null, "pack": "PinHeader_1x08_P2.54mm_Vertical", "value": "Conn_01x08", "mount_type": "tht", "place": true}, {"pos_x": 145.8286, "pos_y": -130.529, "rotation": 0.0, "side": "top", "designator": "C5", "mpn": null, "pack": "C_Disc_D4.7mm_W2.5mm_P5.00mm", "value": "0.1uF", "mount_type": "tht", "place": true}, {"pos_x": 134.9462, "pos_y": -144.0991, "rotation": 0.0, "side": "top", "designator": "C7", "mpn": null, "pack": "CP_Radial_D8.0mm_P3.50mm", "value": "120uF", "mount_type": "tht", "place": true}, {"pos_x": 148.6411, "pos_y": -76.3944, "rotation": 0.0, "side": "top", "designator": "R15", "mpn": null, "pack": "R_Axial_DIN0207_L6.3mm_D2.5mm_P2.54mm_Vertical", "value": "330", "mount_type": "tht", "place": true}, {"pos_x": 117.4933, "pos_y": -78.6769, "rotation": 0.0, "side": "top", "designator": "D2", "mpn": null, "pack": "D_DO-201_P15.24mm_Horizontal", "value": "STPS3150RL", "mount_type": "tht", "place": true}, {"pos_x": 108.9921, "pos_y": -86.1145, "rotation": 90.0, "side": "top", "designator": "Z1", "mpn": null, "pack": "DIOAD1068W53L380D172", "value": "BZX79C10", "mount_type": "tht", "place": true}, {"pos_x": 144.1268, "pos_y": -56.4529, "rotation": 0.0, "side": "top", "designator": "R8", "mpn": null, "pack": "R_Axial_DIN0207_L6.3mm_D2.5mm_P2.54mm_Vertical", "value": "470", "mount_type": "tht", "place": true}, {"pos_x": 159.3761, "pos_y": -80.9576, "rotation": 90.0, "side": "top", "designator": "S1", "mpn": null, "pack": "TS0266160BK260LCRD", "value": "TS02-66-160-BK-260-LCR-D", "mount_type": "tht", "place": true}, {"pos_x": 108.3892, "pos_y": -71.3334, "rotation": 90.0, "side": "top", "designator": "R23", "mpn": null, "pack": "R_Axial_DIN0207_L6.3mm_D2.5mm_P2.54mm_Vertical", "value": "5k", "mount_type": "tht", "place": true}, {"pos_x": 112.1518, "pos_y": -107.7519, "rotation": -90.0, "side": "top", "designator": "Q10", "mpn": null, "pack": "TO254P469X1042X1967-3P", "value": "IRF9Z34NPBF", "mount_type": "tht", "place": true}, {"pos_x": 149.3891, "pos_y": -138.315, "rotation": 0.0, "side": "top", "designator": "C6", "mpn": null, "pack": "CP_Radial_D8.0mm_P3.50mm", "value": "68uF", "mount_type": "tht", "place": true}, {"pos_x": 112.173, "pos_y": -92.0488, "rotation": -90.0, "side": "top", "designator": "Q7", "mpn": null, "pack": "TO254P469X1042X1967-3P", "value": "IRF9Z34NPBF", "mount_type": "tht", "place": true}, {"pos_x": 103.6611, "pos_y": -132.5765, "rotation": 90.0, "side": "top", "designator": "R13", "mpn": null, "pack": "R_Axial_DIN0207_L6.3mm_D2.5mm_P2.54mm_Vertical", "value": "10k", "mount_type": "tht", "place": true}, {"pos_x": 117.3012, "pos_y": -98.6174, "rotation": 0.0, "side": "top", "designator": "R11", "mpn": null, "pack": "R_Axial_DIN0207_L6.3mm_D2.5mm_P2.54mm_Vertical", "value": "100k", "mount_type": "tht", "place": true}, {"pos_x": 112.1267, "pos_y": -78.2477, "rotation": -90.0, "side": "top", "designator": "Q3", "mpn": null, "pack": "TO254P469X1042X1967-3P", "value": "IRF9Z34NPBF", "mount_type": "tht", "place": true}, {"pos_x": 108.6134, "pos_y": -115.6055, "rotation": 90.0, "side": "top", "designator": "Z3", "mpn": null, "pack": "DIOAD1068W53L380D172", "value": "BZX79C10", "mount_type": "tht", "place": true}, {"pos_x": 107.6636, "pos_y": -56.4529, "rotation": 0.0, "side": "top", "designator": "C1", "mpn": null, "pack": "C_Disc_D5.1mm_W3.2mm_P5.00mm", "value": "220nF", "mount_type": "tht", "place": true}, {"pos_x": 130.5474, "pos_y": -68.9657, "rotation": 0.0, "side": "top", "designator": "U4", "mpn": null, "pack": "DIP-4_W7.62mm", "value": "LTV-817", "mount_type": "tht", "place": true}, {"pos_x": 157.9505, "pos_y": -85.892, "rotation": 0.0, "side": "top", "designator": "U1", "mpn": null, "pack": "DIP-28_W7.62mm", "value": "ATmega328-P", "mount_type": "tht", "place": true}, {"pos_x": 153.666, "pos_y": -80.4518, "rotation": 0.0, "side": "top", "designator": "D7", "mpn": null, "pack": "LED_D3.0mm", "value": "LED", "mount_type": "tht", "place": true}, {"pos_x": 160.1442, "pos_y": -133.9361, "rotation": 0.0, "side": "top", "designator": "J1", "mpn": null, "pack": "PinHeader_1x03_P2.54mm_Vertical", "value": "Conn_01x03", "mount_type": "tht", "place": true}, {"pos_x": 127.879, "pos_y": -99.8398, "rotation": 0.0, "side": "top", "designator": "Q6", "mpn": null, "pack": "TO-92_Inline", "value": "2N7000", "mount_type": "tht", "place": true}, {"pos_x": 127.9665, "pos_y": -85.8679, "rotation": 0.0, "side": "top", "designator": "Q2", "mpn": null, "pack": "TO-92_Inline", "value": "2N7000", "mount_type": "tht", "place": true}, {"pos_x": 111.168, "pos_y": -68.8892, "rotation": 0.0, "side": "top", "designator": "U3", "mpn": null, "pack": "DIP-4_W7.62mm", "value": "LTV-817", "mount_type": "tht", "place": true}, {"pos_x": 153.7552, "pos_y": -67.9267, "rotation": 180.0, "side": "top", "designator": "R25", "mpn": null, "pack": "R_Axial_DIN0207_L6.3mm_D2.5mm_P2.54mm_Vertical", "value": "5k", "mount_type": "tht", "place": true}, {"pos_x": 108.28, "pos_y": -132.4185, "rotation": 0.0, "side": "top", "designator": "Q8", "mpn": null, "pack": "TO254P469X1042X1967-3P", "value": "IRF9Z34NPBF", "mount_type": "tht", "place": true}, {"pos_x": 108.894, "pos_y": -100.0595, "rotation": 90.0, "side": "top", "designator": "Z2", "mpn": null, "pack": "DIOAD1068W53L380D172", "value": "BZX79C10", "mount_type": "tht", "place": true}, {"pos_x": 135.4898, "pos_y": -56.4529, "rotation": 0.0, "side": "top", "designator": "C3", "mpn": null, "pack": "C_Disc_D5.1mm_W3.2mm_P5.00mm", "value": "220nF", "mount_type": "tht", "place": true}, {"pos_x": 139.838, "pos_y": -130.3293, "rotation": 0.0, "side": "top", "designator": "IC1", "mpn": null, "pack": "SOIC127P600X175-8N", "value": "LM2597MX-5.0_NOPB", "mount_type": "smt", "place": true}, {"pos_x": 144.0978, "pos_y": -62.4632, "rotation": 0.0, "side": "top", "designator": "R9", "mpn": null, "pack": "R_Axial_DIN0207_L6.3mm_D2.5mm_P2.54mm_Vertical", "value": "5k", "mount_type": "tht", "place": true}, {"pos_x": 119.4871, "pos_y": -138.3546, "rotation": 180.0, "side": "top", "designator": "U2", "mpn": null, "pack": "17861650001", "value": "178.6165.0001", "mount_type": "tht", "place": true}, {"pos_x": 136.1054, "pos_y": -62.8232, "rotation": 0.0, "side": "top", "designator": "Q5", "mpn": null, "pack": "TO-92_Inline", "value": "2N7000", "mount_type": "tht", "place": true}, {"pos_x": 148.6714, "pos_y": -88.4722, "rotation": 0.0, "side": "top", "designator": "J3", "mpn": null, "pack": "PinHeader_2x03_P2.54mm_Vertical", "value": "Conn_02x03_Odd_Even", "mount_type": "tht", "place": true}, {"pos_x": 117.7689, "pos_y": -92.0795, "rotation": 0.0, "side": "top", "designator": "D5", "mpn": null, "pack": "D_DO-201_P15.24mm_Horizontal", "value": "STPS3150RL", "mount_type": "tht", "place": true}, {"pos_x": 122.5342, "pos_y": -84.6955, "rotation": 0.0, "side": "top", "designator": "R5", "mpn": null, "pack": "R_Axial_DIN0207_L6.3mm_D2.5mm_P2.54mm_Vertical", "value": "10k", "mount_type": "tht", "place": true}, {"pos_x": 116.3006, "pos_y": -56.4529, "rotation": 0.0, "side": "top", "designator": "R1", "mpn": null, "pack": "R_Axial_DIN0207_L6.3mm_D2.5mm_P2.54mm_Vertical", "value": "470", "mount_type": "tht", "place": true}, {"pos_x": 127.78, "pos_y": -115.5111, "rotation": 0.0, "side": "top", "designator": "Q9", "mpn": null, "pack": "TO-92_Inline", "value": "2N7000", "mount_type": "tht", "place": true}, {"pos_x": 123.0839, "pos_y": -71.239, "rotation": 90.0, "side": "top", "designator": "R20", "mpn": null, "pack": "R_Axial_DIN0207_L6.3mm_D2.5mm_P2.54mm_Vertical", "value": "5k", "mount_type": "tht", "place": true}, {"pos_x": 134.7685, "pos_y": -125.5266, "rotation": 0.0, "side": "top", "designator": "C4", "mpn": null, "pack": "C_Disc_D4.7mm_W2.5mm_P5.00mm", "value": "0.1uF", "mount_type": "tht", "place": true}, {"pos_x": 117.2581, "pos_y": -84.8127, "rotation": 0.0, "side": "top", "designator": "R4", "mpn": null, "pack": "R_Axial_DIN0207_L6.3mm_D2.5mm_P2.54mm_Vertical", "value": "100k", "mount_type": "tht", "place": true}, {"pos_x": 99.5617, "pos_y": -60.9808, "rotation": -90.0, "side": "top", "designator": "Z4", "mpn": null, "pack": "TerminalBlock_Phoenix_MKDS-1,5-3-5.08_1x03_P5.08mm_Horizontal", "value": "Screw_Terminal_01x03", "mount_type": "tht", "place": true}, {"pos_x": 142.4455, "pos_y": -71.2601, "rotation": 90.0, "side": "top", "designator": "R21", "mpn": null, "pack": "R_Axial_DIN0207_L6.3mm_D2.5mm_P2.54mm_Vertical", "value": "5k", "mount_type": "tht", "place": true}, {"pos_x": 130.1062, "pos_y": -62.4632, "rotation": 0.0, "side": "top", "designator": "R7", "mpn": null, "pack": "R_Axial_DIN0207_L6.3mm_D2.5mm_P2.54mm_Vertical", "value": "5k", "mount_type": "tht", "place": true}, {"pos_x": 151.546, "pos_y": -64.8497, "rotation": 90.0, "side": "top", "designator": "U5", "mpn": null, "pack": "DIP-4_W7.62mm", "value": "LTV-817", "mount_type": "tht", "place": true}, {"pos_x": 107.7808, "pos_y": -51.0987, "rotation": 0.0, "side": "top", "designator": "D1", "mpn": null, "pack": "D_DO-41_SOD81_P10.16mm_Horizontal", "value": "1N4007", "mount_type": "tht", "place": true}, {"pos_x": 117.254, "pos_y": -114.3256, "rotation": 0.0, "side": "top", "designator": "R18", "mpn": null, "pack": "R_Axial_DIN0207_L6.3mm_D2.5mm_P2.54mm_Vertical", "value": "100k", "mount_type": "tht", "place": true}, {"pos_x": 122.4649, "pos_y": -114.3256, "rotation": 0.0, "side": "top", "designator": "R19", "mpn": null, "pack": "R_Axial_DIN0207_L6.3mm_D2.5mm_P2.54mm_Vertical", "value": "10k", "mount_type": "tht", "place": true}, {"pos_x": 149.8275, "pos_y": -116.5219, "rotation": 180.0, "side": "top", "designator": "C9", "mpn": null, "pack": "C_Disc_D5.1mm_W3.2mm_P5.00mm", "value": "220nF", "mount_type": "tht", "place": true}, {"pos_x": 135.0099, "pos_y": -115.8628, "rotation": 90.0, "side": "top", "designator": "R17", "mpn": null, "pack": "R_Axial_DIN0207_L6.3mm_D2.5mm_P2.54mm_Vertical", "value": "1M", "mount_type": "tht", "place": true}, {"pos_x": 135.6491, "pos_y": -51.0987, "rotation": 0.0, "side": "top", "designator": "D4", "mpn": null, "pack": "D_DO-41_SOD81_P10.16mm_Horizontal", "value": "1N4007", "mount_type": "tht", "place": true}, {"pos_x": 174.0068, "pos_y": -110.2778, "rotation": 0.0, "side": "top", "designator": "J2", "mpn": null, "pack": "PinHeader_1x03_P2.54mm_Vertical", "value": "Conn_01x03", "mount_type": "tht", "place": true}, {"pos_x": 121.7721, "pos_y": -56.4529, "rotation": 0.0, "side": "top", "designator": "C2", "mpn": null, "pack": "C_Disc_D5.1mm_W3.2mm_P5.00mm", "value": "220nF", "mount_type": "tht", "place": true}, {"pos_x": 99.515, "pos_y": -85.987, "rotation": -90.0, "side": "top", "designator": "Z5", "mpn": null, "pack": "TerminalBlock_Phoenix_MKDS-1,5-3-5.08_1x03_P5.08mm_Horizontal", "value": "Screw_Terminal_01x03", "mount_type": "tht", "place": true}, {"pos_x": 135.07, "pos_y": -100.5433, "rotation": 90.0, "side": "top", "designator": "R10", "mpn": null, "pack": "R_Axial_DIN0207_L6.3mm_D2.5mm_P2.54mm_Vertical", "value": "1M", "mount_type": "tht", "place": true}, {"pos_x": 153.8532, "pos_y": -52.89, "rotation": 180.0, "side": "top", "designator": "R22", "mpn": null, "pack": "R_Axial_DIN0207_L6.3mm_D2.5mm_P2.54mm_Vertical", "value": "5k", "mount_type": "tht", "place": true}, {"pos_x": 127.6775, "pos_y": -71.3611, "rotation": 90.0, "side": "top", "designator": "R24", "mpn": null, "pack": "R_Axial_DIN0207_L6.3mm_D2.5mm_P2.54mm_Vertical", "value": "5k", "mount_type": "tht", "place": true}, {"pos_x": 121.8879, "pos_y": -51.0987, "rotation": 0.0, "side": "top", "designator": "D3", "mpn": null, "pack": "D_DO-41_SOD81_P10.16mm_Horizontal", "value": "1N4007", "mount_type": "tht", "place": true}, {"pos_x": 145.0982, "pos_y": -136.3261, "rotation": 180.0, "side": "top", "designator": "L1", "mpn": null, "pack": "L_Axial_L6.6mm_D2.7mm_P10.16mm_Horizontal_Vishay_IM-2", "value": "150uH", "mount_type": "tht", "place": true}, {"pos_x": 131.8262, "pos_y": -133.1388, "rotation": 90.0, "side": "top", "designator": "R14", "mpn": null, "pack": "R_Axial_DIN0207_L6.3mm_D2.5mm_P5.08mm_Vertical", "value": "10k", "mount_type": "tht", "place": true}, {"pos_x": 108.2011, "pos_y": -62.8232, "rotation": 0.0, "side": "top", "designator": "Q1", "mpn": null, "pack": "TO-92_Inline", "value": "2N7000", "mount_type": "tht", "place": true}, {"pos_x": 148.5078, "pos_y": -81.2611, "rotation": 0.0, "side": "top", "designator": "R16", "mpn": null, "pack": "R_Axial_DIN0207_L6.3mm_D2.5mm_P2.54mm_Vertical", "value": "330", "mount_type": "tht", "place": true}, {"pos_x": 151.058, "pos_y": -100.1027, "rotation": 180.0, "side": "top", "designator": "C8", "mpn": null, "pack": "C_Disc_D5.1mm_W3.2mm_P5.00mm", "value": "220nF", "mount_type": "tht", "place": true}, {"pos_x": 117.525, "pos_y": -107.6915, "rotation": 0.0, "side": "top", "designator": "D8", "mpn": null, "pack": "D_DO-201_P15.24mm_Horizontal", "value": "STPS3150RL", "mount_type": "tht", "place": true}, {"pos_x": 142.583, "pos_y": -125.6047, "rotation": 0.0, "side": "top", "designator": "D6", "mpn": null, "pack": "D_DO-41_SOD81_P10.16mm_Horizontal", "value": "1N5817", "mount_type": "tht", "place": true}, {"pos_x": 151.9062, "pos_y": -105.8606, "rotation": -90.0, "side": "top", "designator": "Y1", "mpn": null, "pack": "Crystal_HC49-U_Vertical", "value": "Crystal", "mount_type": "tht", "place": true}, {"pos_x": 116.3107, "pos_y": -62.4632, "rotation": 0.0, "side": "top", "designator": "R2", "mpn": null, "pack": "R_Axial_DIN0207_L6.3mm_D2.5mm_P2.54mm_Vertical", "value": "5k", "mount_type": "tht", "place": true}, {"pos_x": 130.2137, "pos_y": -56.4529, "rotation": 0.0, "side": "top", "designator": "R6", "mpn": null, "pack": "R_Axial_DIN0207_L6.3mm_D2.5mm_P2.54mm_Vertical", "value": "470", "mount_type": "tht", "place": true}, {"pos_x": 135.0791, "pos_y": -86.376, "rotation": 90.0, "side": "top", "designator": "R3", "mpn": null, "pack": "R_Axial_DIN0207_L6.3mm_D2.5mm_P2.54mm_Vertical", "value": "1M", "mount_type": "tht", "place": true}]